88	Monsanto	CYR	47.4	0.683333
108	Monsanto	LDV-18	48.5167	-4.06667
139	Monsanto	LDV-46	48.5167	-4.06667
159	Monsanto	MAR2-3	47.35	3.93333
265	Monsanto	PYL-6	44.65	-1.16667
350	Monsanto	TOU-A1-88	46.6667	4.11667
351	Monsanto	TOU-A1-89	46.6667	4.11667
403	Monsanto	Zdarec3	49.3667	16.2667
410	Monsanto	Doubravnik7	49.4211	16.3497
424	Monsanto	Draha2	49.4112	16.2815
428	Monsanto	Borky1	49.403	16.232
430	Salk	Gr-1	47	15.5
470	MPI	BRR4	40.8313	-87.735
476	MPI	BRR12	40.8313	-87.735
484	MPI	BRR23	40.8313	-87.735
504	MPI	BRR57	40.8313	-87.735
506	MPI	BRR60	40.8313	-87.735
531	MPI	BRR107	40.8313	-87.735
544	MPI	LI-WP-039	40.9076	-73.2089
546	MPI	LI-WP-041	40.9076	-73.2089
628	MPI	LI-OF-061	40.7777	-72.9069
630	Monsanto	LI-OF-065	40.7777	-72.9069
680	MPI	LI-RR-096	40.9447	-72.8615
681	MPI	LI-RR-097	40.9447	-72.8615
685	MPI	LI-EF-011	40.9064	-73.1493
687	MPI	LI-EF-018	40.9064	-73.1493
728	MPI	LI-SET-019	40.9352	-73.114
742	MPI	LI-SET-036	40.9352	-73.114
763	Salk	Kar-1	42.3	74.3667
765	Salk	Sus-1	42.1833	73.4
766	Salk	Dja-1	42.5833	73.6333
768	Salk	Zal-1	42.8	76.35
772	Salk	Neo-6	37.35	72.4667
801	Monsanto	KYC-33	37.9169	-84.4639
853	MPI	MIA-1	41.7976	-86.6691
854	MPI	MIA-5	41.7976	-86.6691
867	MPI	MIC-20	41.8266	-86.4366
868	MPI	MIC-24	41.8266	-86.4366
870	Monsanto	MIC-31	41.8266	-86.4366
915	Monsanto	LIN S-5	41.8972	-71.4378
932	Monsanto	CHA-41	42.3634	-71.1445
991	GMI	Ale-Stenar-41-1	55.3833	14.05
992	GMI	Ale-Stenar-44-4	55.3833	14.05
997	GMI	Ale-Stenar-56-14	55.3833	14.05
1002	GMI	Ale-Stenar-64-24	55.3833	14.05
1006	GMI	Ale-Stenar-77-31	55.3833	14.05
1061	GMI	BrÃ¶sarp-11-135	55.7167	14.1333
1062	GMI	BrÃ¶sarp-15-138	55.7167	14.1333
1063	GMI	BrÃ¶sarp-21-140	55.7167	14.1333
1066	GMI	BrÃ¶sarp-34-145	55.7167	14.1333
1070	GMI	BrÃ¶sarp-45-153	55.7167	14.1333
1158	GMI	Aledal-6-49	56.7	16.5167
1166	GMI	Aledal-14-73	56.7	16.5167
1254	GMI	Tos-82-387	59.4333	17.0167
1257	GMI	Tos-95-393	59.4333	17.0167
1313	GMI	ÃngsÃ¶-59-422	59.5667	16.8667
1317	GMI	ÃngsÃ¶-74-430	59.5667	16.8667
1552	GMI	Sku-30	63.0833	18.3667
1612	MPI	Brn-10	41.9	-86.583
1622	MPI	Brn-24	41.9	-86.583
1651	MPI	DuckLkSP38	43.3431	-86.4045
1652	MPI	DuckLkSP40	43.3431	-86.4045
1676	MPI	Haz-2	41.879	-86.607
1684	MPI	Haz-10	41.879	-86.607
1739	MPI	KBS-Mac-68	42.405	-85.398
1741	MPI	KBS-Mac-74	42.405	-85.398
1756	MPI	Ker-4	42.184	-86.358
1757	MPI	Ker-5	42.184	-86.358
1793	MPI	L-R-5	41.847	-86.67
1797	MPI	L-R-10	41.847	-86.67
1819	MPI	Lak-12	41.8	-86.67
1820	MPI	Lak-13	41.8	-86.67
1829	Monsanto	Mdn-1	42.051	-86.509
1834	MPI	Mdn-8	42.051	-86.509
1835	MPI	Mdn-10	42.051	-86.509
1851	MPI	MNF-Pot-10	43.595	-86.2657
1852	MPI	MNF-Pot-15	43.595	-86.2657
1853	Monsanto	MNF-Pot-21	43.595	-86.2657
1872	Monsanto	MNF-Pot-75	43.595	-86.2657
1890	Monsanto	MNF-Riv-21	43.5139	-86.1859
1925	Monsanto	MNF-Che-2	43.5251	-86.1843
1942	MPI	MNF-Che-47	43.5251	-86.1843
1943	MPI	MNF-Che-49	43.5251	-86.1843
1954	Monsanto	MNF-Jac-12	43.5187	-86.1739
2016	Monsanto	MNF-Pin-39	43.5356	-86.1788
2017	MPI	MNF-Pin-40	43.5356	-86.1788
2031	MPI	Map-8	42.166	-86.412
2053	MPI	Map-35	42.166	-86.412
2057	MPI	Map-42	42.166	-86.412
2081	MPI	MuskSP-68	43.2483	-86.3368
2091	MPI	MuskSP-83	43.2483	-86.3368
2106	MPI	MSGA-10	43.2749	-86.0891
2108	MPI	MSGA-12	43.2749	-86.0891
2141	MPI	MSGA-61	43.2749	-86.0891
2159	MPI	Paw-13	42.148	-86.431
2166	MPI	Paw-20	42.148	-86.431
2171	Monsanto	Paw-26	42.148	-86.431
2191	MPI	Pent-7	43.7623	-86.3929
2202	Monsanto	Pent-23	43.7623	-86.3929
2212	MPI	Pent-46	43.7623	-86.3929
2239	MPI	Riv-25	42.184	-86.382
2240	MPI	Riv-26	42.184	-86.382
2276	Monsanto	SLSP-31	43.665	-86.496
2278	Monsanto	SLSP-35	43.665	-86.496
2285	MPI	SLSP-69	43.665	-86.496
2286	MPI	SLSP-67	43.665	-86.496
2317	Monsanto	Ste-40	42.03	-86.514
2370	MPI	Yng-4	41.865	-86.646
2412	MPI	Yng-53	41.865	-86.646
4779	Monsanto	UKSW06-179	50.4	-4.9
4807	Monsanto	UKSW06-207	50.4	-4.9
4826	Monsanto	UKSW06-226	50.4	-4.9
4840	MPI	UKSW06-240	50.4	-4.9
4857	MPI	UKSW06-257	50.3	-4.9
4884	Monsanto	UKSW06-285	50.3	-4.9
4900	Monsanto	UKSW06-302	50.3	-4.8
4939	MPI	UKSW06-341	50.4	-4.7
4958	Monsanto	UKSW06-360	50.5	-4.5
5023	Monsanto	UKSE06-118	51.3	0.5
5104	Monsanto	UKSE06-252	51.3	0.5
5151	Monsanto	UKSE06-325	52.2	-1.7
5165	Monsanto	UKSE06-362	51.3	0.4
5210	Monsanto	UKSE06-432	51.2	0.3
5236	Monsanto	UKSE06-470	51.2	0.4
5249	MPI	UKSE06-491	51.2	0.3
5253	Monsanto	UKSE06-500	51.1	0.6
5276	Monsanto	UKSE06-533	51.3	1.1
5279	MPI	UKSE06-541	51.3	1.1
5349	Monsanto	UKSE06-639	51.1	0.4
5353	Monsanto	UKNW06-003",Wordsworth Trust, nr Grasmere
5395	MPI	UKNW06-102", east side	54.4
5486	Monsanto	UKNW06-233	54.6	-3.3
5577	Monsanto	UKNW06-403	54.7	-3.4
5644	Monsanto	UKNW06-481	54.4	-2.9
5651	MPI	UKNW06-488	54.4	-2.9
5717	MPI	Bra-1	54.6	-3.2
5718	MPI	UKID11	57	-3.4
5720	Monsanto	Cal-2	53.3	-1.6
5726	Monsanto	Cnt-1	51.3	1.1
5741	Monsanto	For-2	56.6	-4.1
5748	Monsanto	Kil-0	56	-4.4
5757	Monsanto	Mc-1	54.6	-2.3
5768	Monsanto,MPI	Ripon	54.1
5772	Monsanto	Set-1	54.1	-2.3
5776	MPI	UKID71	52.9	-1.3
5779	Monsanto	UKID74	51	-3.1
5784	Monsanto	Ty-1	56.4	-5.2
5798	MPI	UKID93	53.1	-3.3
5800	Monsanto	UKID96	57.4	-5.5
5811	Monsanto	UKID107	52.9	-3.1
5822	Monsanto	UKID116	56.7333	-5.98333
5830	GMI	App1-12	56.3333	15.9667
5831	GMI	App1-14	56.3333	15.9667
5832	GMI	App1-16	56.3333	15.9667
5836	GMI	Boo2-3	55.86	13.51
5837	Salk	Bor-1	49.4013	16.2326
5856	GMI	DÃ¶r-10	63.0167	17.4914
5860	GMI	Dra-3	62.6814	18.0165
5865	GMI	Dra1-4	55.76	14.12
5867	GMI	Dra2-1	55.76	14.12
5874	Monsanto	DraII-6	49.4112	16.2815
5890	Monsanto	DraIV 1-8	49.4112	16.2815
5893	Monsanto	DraIV 1-11	49.4112	16.2815
5907	Monsanto	DraIV 2-9	49.4112	16.2815
5921	Monsanto	DraIV 3-7	49.4112	16.2815
5950	Monsanto	DraIV 5-12	49.4112	16.2815
5984	Monsanto	DraIV 6-13	49.4112	16.2815
5993	Monsanto	DraIV 6-22	49.4112	16.2815
6008	Salk	Duk	49.1	16.2
6009	GMI	Eden-1	62.877	18.177
6010	GMI	Eden-5	62.877	18.177
6011	GMI	Eden-6	62.877	18.177
6012	GMI	Eden-7	62.877	18.177
6013	GMI	Eden-9	62.877	18.177
6016	GMI	Eds-1	62.9	18.4
6017	GMI	Eds-9	62.9	18.4
6019	GMI	FjÃ¤1-2	56.06	14.29
6020	GMI	FjÃ¤1-5	56.06	14.29
6021	GMI	FjÃ¤2-4	56.06	14.29
6022	GMI	FjÃ¤2-6	56.06	14.29
6023	GMI	Fly2-1	55.7509	13.3712
6024	GMI	Fly2-2	55.7509	13.3712
6025	GMI	Gro-3	62.6437	17.7339
6030	GMI	GrÃ¶n-5	62.806	18.1896
6034	GMI	Hov1-7	56.1	13.74
6035	GMI	Hov1-10	56.1	13.74
6036	GMI	Hov3-2	56.1	13.74
6038	GMI	Hov3-5	56.1	13.74
6039	GMI	Hovdala-2	56.1	13.74
6040	GMI	Kni-1	55.66	13.4
6041	GMI	Lis-3	56.0328	14.775
6042	GMI	Lom1-1	56.09	13.9
6043	GMI	LÃ¶v-1	62.801	18.079
6046	GMI	LÃ¶v-5	62.801	18.079
6064	GMI	Nyl-2	62.9513	18.2763
6069	GMI	Nyl-7	62.9513	18.2763
6070	GMI	Omn-1	62.9308	18.3448
6071	GMI	Omn-5	62.9308	18.3448
6073	GMI	ÃMÃ¶1-7	56.1481	15.8155
6074	GMI	Ãr-1	56.4573	16.1308
6076	GMI	Rev-2	55.6942	13.4504
6077	GMI	Rev-3	55.6942	13.4504
6085	GMI	Sparta-1	55.7097	13.2145
6086	GMI	Sr:3	58.9	11.2
6087	GMI	Stu-2	56.4666	16.1284
6088	GMI	Stu1-1	56.4666	16.1284
6090	GMI	T1000	55.6525	13.2197
6091	GMI	T1010	55.6525	13.215
6092	GMI	T1020	55.6514	13.2233
6094	GMI	T1040	55.6494	13.2147
6095	GMI	T1050	55.6486	13.2161
6096	GMI	T1060	55.6472	13.2225
6097	GMI	T1070	55.6481	13.2264
6098	GMI	T1080	55.6561	13.2178
6099	GMI	T1090	55.6575	13.2386
6100	GMI	T1110	55.6	13.2
6101	GMI	T1120	55.6	13.2
6102	GMI	T1130	55.6	13.2
6104	GMI	T1160	55.7	13.2
6105	GMI	T450	55.7967	13.1211
6106	GMI	T460	55.7931	13.1186
6107	GMI	T470	55.7942	13.1222
6108	GMI	T480	55.7989	13.1206
6109	GMI	T510	55.7936	13.1233
6111	GMI	T530	55.7989	13.1219
6112	GMI	T540	55.7967	13.1044
6113	GMI	T550	55.8078	13.1028
6114	GMI	T570	55.8097	13.1342
6115	GMI	T580	55.8	13.1367
6118	GMI	T610	55.7	13.2
6119	GMI	T620	55.7	13.2
6122	GMI	T670	55.8364	13.3075
6123	GMI	T680	55.8369	13.3033
6124	GMI	T690	55.8378	13.3092
6125	GMI	T710	55.8403	13.3106
6126	GMI	T720	55.8411	13.3047
6128	GMI	T740	55.8397	13.2881
6131	GMI	T780	55.8369	13.3181
6132	GMI	T790	55.8386	13.3186
6133	GMI	T800	55.8364	13.2906
6134	GMI	T810	55.8383	13.2906
6136	GMI	T840	55.9336	13.5519
6137	GMI	T850	55.9419	13.5603
6138	GMI	T860	55.9403	13.5511
6140	GMI	T880	55.9392	13.5539
6141	GMI	T890	55.9414	13.5542
6142	GMI	T900	55.9428	13.5558
6145	GMI	T930	55.9497	13.5533
6148	GMI	T960	55.9319	13.5508
6149	GMI	T970	55.9281	13.5481
6150	GMI	T980	55.9261	13.5319
6151	GMI	T990	55.6528	13.2244
6153	GMI	TAA 03	62.6425	17.7422
6154	GMI	TAA 04	62.6422	17.7406
6163	GMI	TAA 14	62.6425	17.7356
6166	GMI	TAA 17	62.6425	17.7372
6169	GMI	TÃD 01	62.8714	18.3447
6172	GMI	TÃD 04	62.8717	18.3436
6173	GMI	TÃD 05	62.8717	18.3419
6174	GMI	TÃD 06	62.8719	18.3422
6177	GMI	TÃL 03	62.6322	17.69
6180	GMI	TÃL 07	62.6322	17.6906
6184	GMI	TBÃ 01	62.8892	18.4522
6188	GMI	TDr-1	55.7683	14.1386
6189	GMI	TDr-2	55.7686	14.1383
6191	GMI	TDr-4	55.7689	14.1375
6192	GMI	TDr-5	55.7692	14.1369
6193	GMI	TDr-7	55.7694	14.1347
6194	GMI	TDr-8	55.7706	14.1342
6195	GMI	TDr-9	55.7708	14.1342
6198	GMI	TDr-13	55.7708	14.1331
6201	GMI	TDr-16	55.7719	14.1211
6202	GMI	TDr-17	55.7717	14.1206
6203	GMI	TDr-18	55.7714	14.1208
6209	GMI	TEDEN 02	62.8836	18.1842
6210	GMI	TEDEN 03	62.8839	18.1836
6214	GMI	TFÃ 04	63.0175	18.3281
6216	GMI	TFÃ 06	63.0167	18.3283
6217	GMI	TFÃ 07	63.0169	18.3283
6218	GMI	TFÃ 08	63.0172	18.3283
6220	GMI	TGR 01	62.806	18.1896
6221	GMI	TGR 02	62.806	18.1896
6231	GMI	TNY 04	62.96	18.2844
6235	GMI	TOM 01	62.9611	18.3589
6237	GMI	TOM 03	62.9619	18.35
6238	GMI	TOM 04	62.9619	18.35
6240	GMI	TOM 06	62.9622	18.35
6241	GMI	TOM 07	62.9614	18.3608
6242	GMI	Tomegap-2	55.7	13.2
6243	GMI	Tottarp-2	56.27373	13.90045
6244	GMI	TRÃ 01	62.9169	18.4728
6252	GMI	TV-4	55.5796	14.3336
6255	GMI	TV-7	55.5796	14.334
6258	GMI	TV-10	55.5796	14.3336
6268	GMI	TV-22	55.5796	14.3336
6276	GMI	TV-30	55.5796	14.3336
6284	GMI	TV-38	55.5796	14.3336
6296	Monsanto	UduI 1-11	49.2771	16.6314
6390	Monsanto	UduI 3-36	49.2771	16.6314
6396	Monsanto	UduI 4-9	49.2771	16.6314
6413	GMI	Ull3-4	56.06	13.97
6424	Monsanto	ZdrI 1-23	49.3853	16.2544
6434	Monsanto	ZdrI 2-9	49.3853	16.2544
6445	Monsanto	ZdrI 2-21	49.3853	16.2544
6680	Salk	ANH-1	51.85	6.4333
6739	MPI	CSHL-15	40.8585	-73.4675
6740	MPI	CSHL-17	40.8585	-73.4675
6744	Monsanto	CSHL-5	40.8585	-73.4675
6749	MPI	FM-10	42.4489	-76.5072
6750	MPI	FM-11	42.4489	-76.5072
6805	MPI	HS-12	42.373	-71.0627
6806	MPI	HS-17	42.373	-71.0627
6814	MPI	KNO-15	41.2816	-86.621
6830	MPI	Kz-13	49.5	73.1
6897	Salk	Ag-0	45	1.3
6898	Salk	An-1	51.2167	4.4
6900	GMI	Bil-5	63.324	18.484
6901	GMI	Bil-7	63.324	18.484
6903	Salk	Bor-4	49.4013	16.2326
6904	Salk	Br-0	49.2	16.6166
6907	Salk	CIBC-17	51.4083	-0.6383
6908	Salk	CIBC-5	51.4083	-0.6383
6909	GMI	Col-0	38.3	-92.3
6911	Salk	Cvi-0	15.1111	-23.6167
6913	GMI	Eden-2	62.877	18.177
6915	Salk	Ei-2	50.3	6.3
6917	GMI	FÃ¤b-2	63.0165	18.3174
6918	GMI	FÃ¤b-4	63.0165	18.3174
6919	Salk	Ga-0	50.3	8
6920	Salk	Got-22	51.5338	9.9355
6922	Salk	Gu-0	50.3	8
6923	Salk	HR-10	51.4083	-0.6383
6924	Salk	HR-5	51.4083	-0.6383
6926	Salk	Kin-0	44.46	-85.37
6927	Salk,MPI	Knox	41.2816
6929	Salk	Kondara	38.48	68.49
6931	Salk	Kz-9	49.5	73.1
6932	MPI,GMI	Ler	47.984
6933	Salk	LL-0	41.59	2.49
6938	Salk	Ms-0	55.7522	37.6322
6940	Salk	Mz-0	50.3	8.3
6943	Salk	NFA-10	51.4083	-0.6383
6944	Salk	NFA-8	51.4083	-0.6383
6945	Salk	Nok-3	52.24	4.45
6951	Salk	Pu2-23	49.42	16.36
6956	Salk	Pu2-7	49.42	16.36
6957	Salk	Pu2-8	49.42	16.36
6958	Salk	Ra-0	46	3.3
6959	Salk	Rennes-1	48.5	-1.41
6960	Salk	Rennes-11	48.5	-1.41
6961	Salk	Se-0	38.3333	-3.53333
6963	Salk	Sorbo	38.35	68.48
6966	Salk	Sq-1	51.4083	-0.6383
6967	Salk	Sq-8	51.4083	-0.6383
6968	Salk,GMI	Tamm	60
6969	Salk	Tamm-27	60	23.5
6970	Salk	Ts-1	41.7194	2.93056
6971	Salk	Ts-5	41.7194	2.93056
6973	GMI	Ull2-3	56.0648	13.9707
6974	GMI	Ull2-5	56.0648	13.9707
6975	Salk	Uod-1	48.3	14.45
6976	Salk	Uod-7	48.3	14.45
6979	Salk	Wei-0	47.25	8.26
6981	MPI,Salk	Ws	52.3
6982	Salk	Wt-5	52.3	9.3
6984	Salk	Zdr-1	49.3853	16.2544
6986	Salk	Abd-0	57.1539	-2.2207
6987	Salk	Ak-1	48.0683	7.62551
6989	Salk	Alst-1	54.8	-2.4333
6990	Salk	Amel-1	53.448	5.73
6992	Salk	Ang-0	50.3	5.3
6997	Salk	Appt-1	51.8333	5.5833
7000	Salk	Aa-0	50.9167	9.57073
7002	Salk	Baa-1	51.3333	6.1
7003	Salk	Bs-1	47.5	7.5
7008	Salk	Benk-1	52	5.675
7013	Salk	Bd-0	52.4584	13.287
7014	Salk	Ba-1	56.5459	-4.79821
7025	Salk	Bl-1	44.5041	11.3396
7026	Salk	Boot-1	54.4	-3.2667
7028	Salk	Bch-1	49.5166	9.3166
7031	Salk	Bsch-0	50.0167	8.6667
7033	Salk,MPI	Buckhorn Pass	41.3599
7036	MPI,Salk	Burghaun/Rhon	50.5
7058	Mott	Bur-0	53.08	-9.07555556
7061	Salk	Cal-0	53.2699	-1.64293
7062	Salk	Ca-0	50.2981	8.26607
7063	Mott	Can-0	29.2144	-13.4811
7064	Salk	Cnt-1	51.3	1.1
7067	Mott	Ct-1	37.3	15
7068	Salk	Cerv-1	42	12.1
7071	Salk	Chat-1	48.0717	1.33867
7072	Salk	Chi-0	53.7502	34.7361
7077	Salk	Co-1	40.12	-8.25
7081	Salk	Co	40.2077	-8.42639
7092	Salk	Com-1	49.416	2.823
7094	Monsanto	Da-0	49.8724	8.65081
7096	Salk	Di-G	47.3239	5.04278
7102	Salk	Do-0	50.7224	8.2372
7103	Salk	Dra-0	49.4167	16.2667
7106	MPI,Salk	Dresden	51.051
7107	Salk	Durh-1	54.7761	-1.5733
7109	Salk	Ema-1	51.3	0.5
7111	Mott	Edi-0	55.9494	-3.16028
7117	Salk	El-0	51.5105	9.68253
7119	Salk	En-2	50	8.5
7120	Salk	En-D	50	8.5
7125	MPI,Salk	Erlangen	49.5955
7126	Salk	Es-0	60.1997	24.5682
7127	Salk	Est	58.6656	24.9871
7130	Salk	Et-0	44.6447	2.56481
7133	Salk	Fr-2	50.1102	8.6822
7138	Salk	Fi-0	50.5	8.0167
7143	Salk	Gel-1	51.0167	5.86667
7147	Salk	Gie-0	50.584	8.67825
7158	Monsanto	Gr-5	47	15.5
7160	Salk	Gre-0	43.178	-85.2532
7161	Salk	Gd-1	53.5	10.5
7162	Salk	Hs-0	52.24	9.44
7163	Salk	Ha-0	52.3721	9.73569
7164	Salk	Hau-0	55.675	12.5686
7165	Salk	Hn-0	51.3472	8.28844
7169	Salk	Hh-0	54.4175	9.88682
7177	Salk	Jm-0	49	15
7181	Salk	Je-0	50.927	11.587
7183	Salk	Kas-1	35	77
7186	Mott	Kn-0	54.8969	23.8924
7192	Salk	Kil-0	55.6395	-5.66364
7199	Salk	Kl-5	50.95	6.9666
7202	Salk	Kb-0	50.1797	8.50861
7203	Salk	Krot-0	49.631	11.5722
7207	Salk	Kyoto	35.0085	135.752
7208	Salk	Lan-0	55.6739	-3.78181
7209	Salk	La-0	52.7333	15.2333
7213	Mott	Ler-0	47.984	10.8719
7217	Salk	Lm-2	48	0.5
7218	Salk	Le-0	52.1611	4.49015
7223	Salk	Li-2:1	50.3833	8.0666
7231	Monsanto	Li-7	50.3833	8.0666
7236	Salk	Litva		
7244	Salk	Mnz-0	50.001	8.26664
7248	Salk	Mv-0	41.3923	-70.6652
7250	Salk	Me-0	51.9183	10.1138
7255	Salk	Mh-0	50.95	20.5
7258	Salk	Nw-0	50.5	8.5
7268	Salk	Np-0	52.6969	10.981
7273	Mott	No-0	51.0581	13.2995
7276	Salk	Ob-0	50.2	8.5833
7280	Salk	Old-1	53.1667	8.2
7282	Salk	Or-0	50.3827	8.01161
7287	Salk	Ove-0	53.3422	8.42255
7288	Mott	Oy-0	60.385543	6.193019
7296	Monsanto	Petergof	59	29
7298	Salk	Pi-0	47.04	10.51
7305	Salk	Pt-0	53.476	10.6065
7306	Salk	Pog-0	49.2655	-123.206
7307	Monsanto	Pn-0	48.0653	-2.96591
7314	Salk	Ragl-1	54.3512	-3.41697
7316	Salk	Rhen-1	51.9667	5.56667
7319	Salk	Rome-1	42	12.1
7320	Salk	Rou-0	49.4424	1.09849
7322	Mott	Rsch-4	56.3	34
7323	Salk	Rubezhnoe-1	49	38.28
7327	Salk	Sf-1	41.7833	3.03333
7328	Mott	Sf-2	41.7833	3.03333
7332	Salk	Seattle-0	47	-122.2
7333	Salk	Sei-0	46.5438	11.5614
7337	Salk	Si-0	50.8738	8.02341
7342	Salk	Su-0	53.6473	-3.00733
7343	Salk	Sp-0	52.5339	13.181
7344	Salk	Sg-1	47.6667	9.5
7346	Monsanto	Sten-0	52.6058	11.8558
7347	Salk	Stw-0	52	36
7349	Salk	Ta-0	49.5	14.5
7350	Salk	Tac-0	47.2413	-122.459
7353	Salk	Tha-1	52.08	4.3
7354	Salk	Ting-1	56.5	14.9
7356	Salk,MPI	Tol	41.6639
7358	MPI	Tol-2	41.6639	-83.5553
7359	MPI	Tol-3	41.6639	-83.5553
7372	Salk	Tscha-1	47.0748	9.9042
7373	Mott	Tsu-0	34.43	136.31
7377	Salk	Tul-0	43.2708	-85.2563
7378	Salk	Uk-1	48.0333	7.7667
7382	Salk	Utrecht	52.0918	5.1145
7383	Salk	Van-0	49.2655	-123.206
7384	Salk	Ven-1	52.0333	5.55
7387	Salk	Vind-1	54.9902	-2.3671
7394	Salk	Wa-1	52.3	21
7396	Mott	Ws-0.2	52.3	30
7404	Salk	Wc-1	52.6	10.0667
7411	Salk	Wl-0	47.9299	10.8134
7413	Mott	Wil-2	54.6833	25.3167
7415	Mott	Wu-0	49.7878	9.9361
7416	Salk	Yo-0	37.45	-119.35
7417	Mott	Zu-0	47.3667	8.55
7418	Monsanto	Zu-1	47.3667	8.55
7419	Salk	Db-1	50.3058	8.32213
7424	Salk	Jl-3	49.2	16.6166
7427	Salk	Ko-2		
7430	Salk	Nc-1	48.6167	6.25
7460	Salk	Da(1)-12		
7461	Salk	H55	49	15
7471	Salk	RLD-1		
7475	MPI	KEN	41.767	-72.677
7477	Monsanto	WAR	41.7302	-71.2825
7514	Salk	RRS-7	41.5609	-86.4251
7515	MPI,Salk	RRS	41.5609
7516	GMI	VÃ¥r2-1	55.58	14.334
7517	GMI	VÃ¥r2-6	55.58	14.334
7520	Salk	Lp2-2	49.38	16.81
7521	Salk	Lp2-6	49.38	16.81
7523	Salk	Pna-17	42.0945	-86.3253
7525	Salk	Rmx-A180	42.036	-86.511
7529	MPI	627RMX-1MN4	42.0333	-86.5128
7530	MPI	627RMX-1MN5	42.0333	-86.5128
7566	MPI	627ME-13Y1	42.093	-86.359
7568	MPI	627ME-1MI1	42.093	-86.359
7717	Monsanto	KNO1.37	41.273	-86.625
7757	MPI	KNO2.41	41.273	-86.625
7767	MPI	KNO2.54	41.273	-86.625
7917	Monsanto	PNA3.10	42.0945	-86.3253
7947	Monsanto	PNA3.40	42.0945	-86.3253
8037	MPI	PT1.52	41.3423	-86.7368
8057	MPI	PT1.85	41.3423	-86.7368
8077	Monsanto	PT2.21	41.3423	-86.7368
8132	Monsanto	RMX3.22	42.036	-86.511
8171	MPI	RMX4.118	42.036	-86.511
8214	Salk	Gy-0	49	2
8222	GMI	Lis-2	56.0328	14.775
8227	GMI	THÃ 03	62.7989	17.9103
8230	GMI	Algutsrum	56.68	16.5
8231	GMI	BrÃ¶1-6	56.3	16
8233	Salk	Dem-4	41.1876	-87.1923
8234	GMI,Salk	Gullabo	56.4606
8235	Salk	Hod	48.8	17.1
8236	Salk	HSm	49.33	15.76
8237	GMI	KÃ¤vlinge-1	55.8	13.1
8238	Salk	Kent	51.15	0.4
8239	Salk	PHW-3	51	7
8240	GMI	Kulturen-1	55.705	13.196
8241	GMI	Liarum	55.9473	13.821
8242	GMI	LillÃ¶-1	56.1494	15.7884
8243	Salk	PHW-2	43.7703	11.2547
8244	Salk	PHW-34	48.6103	2.3086
8246	Salk	NC-6	35	-79.18
8247	GMI	San-2	56.07	13.74
8249	GMI	Vimmerby	57.7	15.8
8256	GMI	BÃ¥1-2	56.4	12.9
8258	GMI	BÃ¥4-1	56.4	12.9
8259	GMI	BÃ¥5-1	56.4	12.9
8264	Salk	Bla-1	41.6833	2.8
8283	GMI	Dra3-1	55.76	14.12
8284	Salk	DraII-1	49.4112	16.2815
8285	Salk	DraIII-1	49.4112	16.2815
8290	Salk	En-1	50	8.5
8297	Salk	Ge-0	46.5	6.08
8306	GMI	Hov4-1	56.1	13.74
8307	GMI	Hovdala-6	56.1	13.74
8311	Salk	In-0	47.5	11.5
8312	MPI,Salk	Isenburg/Neuwied	50.5
8326	GMI	Lis-1	56.0328	14.775
8334	GMI	Lu-1	55.71	13.2
8335	GMI	Lund	55.71	13.2
8337	Salk	Mir-0	44	12.37
8343	Salk	Na-1	47.5	1.5
8351	GMI	Ost-0	60.25	18.37
8354	Salk	Per-1	58	56.3167
8357	Salk	Pla-0	41.5	2.25
8365	Salk	Rak-2	49	16
8366	Salk	Rd-0	50.5	8.5
8369	GMI	Rev-1	55.6942	13.4504
8376	GMI	Sanna-2	62.69	18
8386	GMI	Sr:5	58.9	11.2
8387	GMI	St-0	59	18
8419	Salk	Wil-1	54.6833	25.3167
8420	Salk	Kelsterbach-4	50.0667	8.5333
8422	GMI	FjÃ¤1-1	56.06	14.29
8424	Salk	Kas-2	35	77
8426	GMI	Ull1-1	56.06	13.97
8427	GMI	Ull2-13	56.0648	13.9707
8464	MPI	LP3413.31	41.6862	-86.8513
8483	MPI	LP3413.53	41.6862	-86.8513
8699	MPI	328PNA062	42.0945	-86.3253
8723	MPI	11PNA1.14	42.0945	-86.3253
9027	MPI	RMX413.85	42.036	-86.511
9057	GMI	VinslÃ¶v	56.1	13.9167
9058	GMI	VÃ¤stervik	57.75	16.6333
9067	Monsanto	Xan-3	38.6536	48.7992
9069	Monsanto	Xan-5	38.6536	48.7992
9070	Monsanto	Xan-6	38.6536	48.7992
9075	Monsanto	Lerik1-4	38.7406	48.6131
9078	Monsanto	Lerik1-7	38.7406	48.6131
9079	Monsanto	Lerik2-1	38.7833	48.5517
9081	Monsanto	Lerik2-3	38.7833	48.5517
9084	Monsanto	Lerik2-6	38.7833	48.5517
9085	Monsanto	Lerik2-7	38.7833	48.5517
9089	Monsanto	Nar-3	38.9522	48.925
9091	Monsanto	Nar-5	38.9522	48.925
9095	Monsanto	Istisu-5	38.9786	48.5594
9099	Monsanto	Istisu-9	38.9786	48.5594
9100	Monsanto	Lag1-2	41.8296	46.2831
9102	Monsanto	Lag1-4	41.8296	46.2831
9103	Monsanto	Lag1-5	41.8296	46.2831
9104	Monsanto	Lag1-6	41.8296	46.2831
9105	Monsanto	Lag1-7	41.8296	46.2831
9106	Monsanto	Lag1-8	41.8296	46.2831
9111	Monsanto	Lag2-4	41.8296	46.2831
9113	Monsanto	Lag2-6	41.8296	46.2831
9114	Monsanto	Lag2-7	41.8296	46.2831
9115	Monsanto	Lag2-10	41.8296	46.2831
9121	Monsanto	Bak-5	41.7942	43.4767
9125	Monsanto	Geg-14	40.1408	44.8203
9128	Monsanto	Yeg-2	39.8692	45.3622
9130	Monsanto	Yeg-4	39.8692	45.3622
9131	Monsanto	Yeg-5	39.8692	45.3622
9133	Monsanto	Yeg-7	39.8692	45.3622
9134	Monsanto	Yeg-8	39.8692	45.3622
9298	Monsanto	Edi-1	55.9681	-3.21833
9312	Monsanto	Ullapool-8	57.9	-5.1525
9314	Monsanto	Gol-2	57.9672	-3.96722
9321	GMI	Ãdal 1	62.8622	18.336
9323	GMI	Ãdal 3	62.8622	18.336
9332	GMI	Bar 1	62.8698	18.381
9336	GMI	BÃ¶n 1	62.8794	18.4473
9339	GMI	BÃ¶t 1	57.7133	15.0689
9343	GMI	Dju-1	57.3089	18.1512
9352	GMI	DÃ¶d 2	57.2608	16.3675
9353	GMI	DÃ¶d 3	57.2608	16.3675
9363	GMI	EdJ 2	62.9147	18.4045
9369	GMI	EkS 2	57.6781	14.9986
9370	GMI	EkS 3	57.6781	14.9986
9371	GMI	FÃ¤L 1	63.016	18.3175
9380	GMI	FlyA 3	55.7488	13.3742
9381	GMI	Fri 1	55.8106	14.2091
9382	GMI	Fri 2	55.8106	14.2091
9383	GMI	Fri 3	55.8106	14.2091
9386	GMI	GrÃ¶n 12	62.806	18.1896
9388	GMI	GrÃ¶n 14	62.806	18.1896
9390	GMI	Hadd-1	57.3263	15.8979
9391	GMI	Hadd-2	57.3263	15.8979
9392	GMI	Hadd-3	57.3263	15.8979
9394	GMI	Hag-2	56.5804	16.4063
9395	GMI	Hal-1	57.5089	15.0105
9399	GMI	Hamm-1	55.4234	13.9905
9402	GMI	Hel-3	57.8765	14.8549
9404	GMI	HolA-1 1	55.7491	13.399
9405	GMI	HolA-1 2	55.7491	13.399
9407	GMI	HolA-2 2	55.7491	13.399
9408	GMI	Kal 1	56.047	13.9519
9409	GMI	Kia 1	56.0573	14.302
9412	GMI	Kor 3	57.2746	16.1494
9413	GMI	Kor 4	57.2746	16.1494
9416	GMI	Kru-3	57.7215	18.3837
9421	GMI	Lan 1	55.9745	14.3997
9427	GMI	NÃ¤s 2	62.8815	18.4055
9433	GMI	Nyl 13	62.9513	18.2763
9436	GMI	Puk-1	56.1633	14.6806
9437	GMI	Puk-2	56.1633	14.6806
9442	GMI	Sim-1	55.5678	14.3398
9450	GMI	Spro 1	57.2545	18.2109
9451	GMI	Spro 2	57.2545	18.2109
9452	GMI	Spro 3	57.2545	18.2109
9453	GMI	Stenk-2	57.8009	18.5162
9454	GMI	Stenk-3	57.8009	18.5162
9455	GMI	Stenk-4	57.8009	18.5162
9470	GMI	Tur-4	57.6511	14.8043
9471	GMI	Ull-A-1	56.0648	13.9707
9476	GMI	VÃ¥rA 1	55.5796	14.3336
9481	GMI	Yst-1	55.4242	13.8484
9503	Monsanto	11C1	55.8877	-3.21072
9506	Monsanto	IP-Alo-0	40.11	-7.47
9507	Monsanto	IP-Coa-0	38.45	-7.5
9508	Monsanto	IP-Mos-1	40.04	-7.11
9509	Monsanto	IP-Reg-0	39.29	-7.4
9510	Monsanto	IP-Rei-0	38.75	-7.59
9511	Monsanto	IP-Vav-0	38.53	-8.02
9512	Monsanto	IP-Vid-1	38.22	-7.84
9513	Monsanto	IP-Adc-5	38.77	-4.07
9514	Monsanto	IP-Adm-0	39.15	-4.54
9515	Monsanto	IP-Ala-0	39.72	-6.89
9517	Monsanto	IP-All-0	42.19	-7.8
9518	Monsanto	IP-Alm-0	39.88	-0.36
9519	Monsanto	IP-Ang-0	41.94	2.64
9520	Monsanto	IP-Ara-4	41.7	-3.68
9521	Monsanto	IP-Bar-1	41.43	2.13
9522	Monsanto	IP-Bea-0	36.52	-5.27
9523	Monsanto	IP-Ben-0	38.37	-2.66
9524	Monsanto	IP-Ber-0	42.52	-0.56
9525	Monsanto	IP-Bis-0	42.49	0.54
9526	Monsanto	IP-Cab-3	41.54	2.39
9527	Monsanto	IP-Cad-0	40.37	-5.74
9528	Monsanto	IP-Cal-0	40.94	-1.37
9529	Monsanto	IP-Cap-1	36.97	-3.36
9530	Monsanto	IP-Car-1	38.25	-4.32
9531	Monsanto	IP-Cdc-3	41.21	-4.54
9532	Monsanto	IP-Cdo-0	42.23	-4.64
9533	Monsanto	IP-Cem-0	41.15	-4.32
9534	Monsanto	IP-Cmo-3	40.05	-4.65
9535	Monsanto	IP-Coc-1	42.31	3.19
9536	Monsanto	IP-Cor-0	40.83	-2
9537	Monsanto	IP-Cum-1	38.07	-6.66
9539	Monsanto	IP-Deh-1	40.29	-6.67
9540	Monsanto	IP-Elb-0	41.81	2.34
9541	Monsanto	IP-Fue-2	38.26	-5.42
9542	Monsanto	IP-Fun-0	40.79	-4.05
9543	Monsanto	IP-Gra-0	36.77	-5.39
9544	Monsanto	IP-Gua-1	39.4	-5.33
9545	Monsanto	IP-Her-12	39.4	-5.78
9546	Monsanto	IP-Hom-4	40.82	-1.68
9547	Monsanto	IP-Hor-0	41.67	2.62
9548	Monsanto	IP-Hoy-0	40.4	-5
9549	Monsanto	IP-Hum-2	42.23	-3.69
9550	Monsanto	IP-Iso-4	43.05	-5.37
9551	Monsanto	IP-Jim-1	42.28	-5.92
9552	Monsanto	IP-Lab-7	40.87	-4.5
9553	Monsanto	IP-Ldd-0	41.58	-4.71
9554	Monsanto	IP-Lso-0	38.86	-3.16
9555	Monsanto	IP-Mar-1	39.58	-3.93
9556	Monsanto	IP-Men-2	39.66	-4.34
9557	Monsanto	IP-Moa-0	42.46	0.7
9558	Monsanto	IP-Moc-11	41.57	-5.64
9559	Monsanto	IP-Mon-5	38.06	-4.38
9560	Monsanto	IP-Mot-0	38.19	-6.24
9561	Monsanto	IP-Mun-0	40.71	-5.04
9562	Monsanto	IP-Mur-0	41.67	2
9564	Monsanto	IP-Nog-17	40.45	-1.6
9565	Monsanto	IP-Orb-10	42.97	-1.23
9567	Monsanto	IP-Pal-0	42.34	1.3
9568	Monsanto	IP-Pan-0	42.76	-0.23
9569	Monsanto	IP-Pds-1	42.87	-6.45
9571	Monsanto	IP-Pro-0	43.28	-6.01
9573	Monsanto	IP-Rds-0	41.86	2.99
9574	Monsanto	IP-Rel-0	38.6	-2.7
9576	Monsanto	IP-Rev-0	40.86	-4.11
9577	Monsanto	IP-Ria-0	42.34	2.17
9578	Monsanto	IP-Sac-0	42.13	-6.7
9579	Monsanto	IP-San-10	38.33	-3.51
9581	Monsanto	IP-Sdv-3	42.84	-5.12
9582	Monsanto	IP-Ses-0	41.48	-1.63
9583	Monsanto	IP-Sne-0	37.09	-3.38
9584	Monsanto	IP-Stp-0	41.19	-3.58
9585	Monsanto	IP-Svi-0	43.4	-7.39
9586	Monsanto	IP-Tam-0	41.03	-3.27
9587	Monsanto	IP-Tdc-0	41.5	-1.88
9588	Monsanto	IP-Tol-7	42.11	0.6
9589	Monsanto	IP-Tor-1	41.6	-2.83
9590	Monsanto	IP-Trs-0	43.37	-5.49
9591	Monsanto	IP-Vad-0	42.86	-3.59
9592	Monsanto	IP-Vae-2	42.1	-5.44
9593	Monsanto	IP-Vaz-0	42.26	-2.99
9594	Monsanto	IP-Vdm-0	42.04	1.01
9595	Monsanto	IP-Vdt-0	40.89	-5.5
9596	Monsanto	IP-Ver-5	41.95	-7.45
9597	Monsanto	IP-Vig-1	42.31	-2.53
9598	Monsanto	IP-Vim-0	41.88	-6.51
9599	Monsanto	IP-Vin-0	42.8	-5.77
9600	Monsanto	IP-Vis-0	39.85	-6.04
9601	Monsanto	IP-Voz-0	41.85	-1.88
9602	Monsanto	IP-Vpa-1	40.5	-3.96
9606	Monsanto	Aitba-1	31.48	-7.45
9607	Monsanto	Panik-1	53.05	52.15
9608	Monsanto	Karag-2	51.37	59.44
9609	Monsanto	Adam-1	51.41	59.98
9610	Monsanto	Lesno-4	53.04	51.96
9611	Monsanto	Lesno-1	53.04	51.9
9612	Monsanto	Lesno-2	53.04	51.94
9613	Monsanto	Balan-1	55.36	61.41
9615	Monsanto	Parti-1	52.99	52.16
9616	Monsanto	Krazo-1	53.06	51.96
9617	Monsanto	Karag-1	51.37	59.44
9619	Monsanto	Basta-1	51.84	79.48
9620	Monsanto	Basta-2	51.82	79.48
9621	Monsanto	Basta-3	51.84	79.46
9622	Monsanto	Bijisk-4	52.52	85.27
9624	Monsanto	Chaba-2	53.6	79.37
9625	Monsanto	Kolyv-2	51.31	82.59
9626	Monsanto	Kolyv-3	51.36	82.59
9627	Monsanto	Kolyv-5	51.32	82.55
9628	Monsanto	Kolyv-6	51.33	82.54
9629	Monsanto	K-oze-1	51.35	82.18
9630	Monsanto	K-oze-3	51.34	82.16
9631	Monsanto	Lebja-1	51.65	80.79
9632	Monsanto	Lebja-2	51.67	80.82
9633	Monsanto	Lebja-4	51.63	80.83
9634	Monsanto	Masl-1	54.13	81.31
9635	Monsanto	Nosov-1	51.87	80.6
9636	Monsanto	Noveg-1	51.75	80.82
9637	Monsanto	Noveg-2	51.77	80.85
9638	Monsanto	Noveg-3	51.73	80.86
9639	Monsanto	Panke-1	53.82	80.31
9640	Monsanto	Rakit-1	51.87	80.06
9641	Monsanto	Rakit-2	51.9	80.06
9642	Monsanto	Rakit-3	51.84	80.06
9643	Monsanto	Sever-1	52.1	79.31
9644	Monsanto	Zupan-1	45.07	18.72
9645	Monsanto	Gradi-1	45.17	18.7
9646	Monsanto	Aiell-1	39.126899	16.170188
9647	Monsanto	Basen-1	40.37	16.77
9648	Monsanto	Bisig-1	39.48	16.28
9649	Monsanto	Bivio-1	39.13	16.17
9651	Monsanto	Filet-1	40.68	14.87
9653	Monsanto	Giffo-1	38.44	16.13
9655	Monsanto	Marce-1	38.92	16.47
9656	Monsanto	Marti-1	40.64	17.31
9657	Monsanto	Melic-1	38.45	16.04
9658	Monsanto	Nicas-1	38.97	16.34
9659	Monsanto	Pigna-1	41.18	14.18
9660	Monsanto	Sarno-1	40.84	14.57
9661	Monsanto	Cimin-1	39.58	16.21
9663	Monsanto	Teano-1	41.33	14.09
9664	Monsanto	Mitterberg-1-179	46.366	11.2832
9665	Monsanto	Mitterberg-1-180	46.366	11.2832
9666	Monsanto	Mitterberg-1-182	46.366	11.2832
9667	Monsanto	Mitterberg-1-183	46.366	11.2832
9668	Monsanto	Mitterberg-2-184	46.3668	11.2837
9669	Monsanto	Mitterberg-2-185	46.3668	11.2837
9670	Monsanto	Mitterberg-2-186	46.3668	11.2837
9671	Monsanto	Mitterberg-3-187	46.3668	11.2837
9672	Monsanto	Mitterberg-3-188	46.3668	11.2837
9673	Monsanto	Mitterberg-3-189	46.3668	11.2837
9676	Monsanto	Mitterberg-4-192	46.3718	11.2866
9677	Monsanto	Mitterberg-4-193	46.3718	11.2866
9678	Monsanto	Mitterberg-4-194	46.3718	11.2866
9679	Monsanto	Castelfed-1-195	46.3378	11.2928
9680	Monsanto	Castelfed-1-196	46.3378	11.2928
9681	Monsanto	Castelfed-1-197	46.3378	11.2928
9682	Monsanto	Castelfed-1-198	46.3378	11.2928
9683	Monsanto	Castelfed-1-199	46.3378	11.2928
9684	Monsanto	Castelfed-2-200	46.3378	11.2928
9685	Monsanto	Castelfed-2-201	46.3378	11.2928
9686	Monsanto	Castelfed-2-202	46.3378	11.2928
9687	Monsanto	Castelfed-2-203	46.3378	11.2928
9689	Monsanto	Castelfed-3-205	46.3378	11.2928
9690	Monsanto	Castelfed-3-206	46.3378	11.2928
9691	Monsanto	Castelfed-3-207	46.3378	11.2928
9692	Monsanto	Castelfed-3-208	46.3378	11.2928
9693	Monsanto	Castelfed-3-209	46.3378	11.2928
9694	Monsanto	Castelfed-4-210	46.3378	11.2928
9695	Monsanto	Castelfed-4-211	46.3378	11.2928
9696	Monsanto	Castelfed-4-214	46.3378	11.2928
9697	Monsanto	Dolen-1	41.62	23.94
9698	Monsanto	Goced-1	41.57	23.85
9699	Monsanto	Kolar-1	41.37	23.14
9700	Monsanto	Dolna-1-10	42.32	23.1
9701	Monsanto	Ivano-1	43.7	25.91
9703	Monsanto	Melni-1	41.53	23.39
9704	Monsanto	Melni-2	41.53	23.39
9705	Monsanto	Choto-1	41.5	23.33
9706	Monsanto	Dospa-1	41.64	24.18
9707	Monsanto	Podvi-1	41.57	24.84
9708	Monsanto	Kardz-1	41.62	25.35
9709	Monsanto	Zerev-1-34	41.85	23.13
9710	Monsanto	Zerev-1-35	41.85	23.13
9711	Monsanto	Dolna-1-39	42.32	23.1
9712	Monsanto	Dolna-1-40	42.32	23.1
9713	Monsanto	Stara-1	42.49	25.61
9714	Monsanto	Grivo-1	41.84	25.75
9716	Monsanto	Leska-1-44	41.54	24.98
9717	Monsanto	Kardz-2	41.66	25.47
9718	Monsanto	Smolj-1	41.55	24.75
9719	Monsanto	Koren-1	41.83	25.69
9720	Monsanto	Malak-1	41.77	25.68
9721	Monsanto	Schip-1	42.72	25.33
9722	Monsanto	Groch-1	41.71	24.41
9723	Monsanto	Slavi-2	41.42	23.67
9725	Monsanto	Epidauros-1	37.6	23.08
9726	Monsanto	Faneronemi-3	37.07	22.04
9727	Monsanto	Olympia-2	37.63	21.62
9728	Monsanto	Stiav-1	48.46	18.9
9729	Monsanto	Stiav-2	48.46	18.9
9730	Monsanto	Bela-1	48.47	18.94
9731	Monsanto	Stiav-3	48.46	18.9
9732	Monsanto	Halca-1	48.47	18.96
9733	Monsanto	Bela-2	48.47	18.94
9735	Monsanto	Bela-4	48.47	18.94
9736	Monsanto	Teiu-2	44.69	25.17
9737	Monsanto	Ulies-1	45.95	22.62
9738	Monsanto	Bran-1	45.57	25.42
9739	Monsanto	Toc-1	46.01	22.33
9741	Monsanto	Orast-1	45.84	23.16
9743	Monsanto	Furni-1	45.14	25
9744	Monsanto	Iasi-1	47.16	27.59
9745	Monsanto	Sij 1/96	41.45	70.05
9747	Monsanto	Zabar-1	44.38	21.22
9748	Monsanto	Zagub-1	44.23	21.71
9749	Monsanto	Knjas-1	43.54	22.29
9754	Monsanto	Sredn-1	44.66	21.37
9755	Monsanto	Vajug-1	44.56	22.56
9756	Monsanto	Staro-2	44.3	21.08
9757	Monsanto	Staro-1	44.3	21.08
9758	Salk	Altai-5	47.75	88.4
9759	Salk	Anz-0	37.47	49.47
9761	Salk	Bik-1	33.92	35.7
9762	Salk	Etna-2	37.69	14.98
9764	Salk	Qar-8a	34.1	35.84
9766	Salk	Westkar-4	42.26	74.16
9768	Monsanto	Ru4-16	48.57	9.16
9769	Monsanto	HE-1	48.55	8.99
9770	Monsanto	KBG2-13	48.53	9.01
9771	Monsanto	Pfn-N2.2-6	48.56	9.11
9772	Monsanto	Hof-1	48.41	8.85
9774	Monsanto	Alt-1	48.59	9.22
9775	Monsanto	Berg-1	48.41	8.79
9776	Monsanto	Fell3-7	48.43	8.79
9777	Monsanto	Gn-1	48.57	9.17
9778	Monsanto	Bach-7	48.41	8.84
9779	Monsanto	Bai-10	48.5	8.78
9780	Monsanto	Fell2-4	48.43	8.79
9781	Monsanto	Kus2-2	48.52	9.11
9782	Monsanto	Lu3-30	48.53	9.09
9783	Monsanto	Tu-PK-7	48.52	9.05
9784	Monsanto	Erg2-6	48.5	8.8
9785	Monsanto	Ha-HBT1-2	48.54	9.02
9786	Monsanto	Ha-P-13	48.54	9.01
9787	Monsanto	HI-4	48.5	9
9788	Monsanto	KBG1-14	48.53	9.01
9789	Monsanto	Obh-13	48.39	8.96
9790	Monsanto	Gn2-3	48.58	9.18
9791	Monsanto	Haes-1	48.6	9.2
9792	Monsanto	Lu4-2	48.54	9.09
9793	Monsanto	Ru-N2	48.57	9.16
9794	Monsanto	Tu-B1-2	48.52	9.08
9795	Monsanto	Wank-2	48.5	9.11
9796	Monsanto	Bach2-1	48.41	8.84
9797	Monsanto	Ha-HBT2-10	48.54	9.02
9798	Monsanto	Ha-P2-1	48.54	9.01
9799	Monsanto	Hart-2	48.39	8.85
9800	Monsanto	Ha-S-B	48.54	9.01
9801	Monsanto	Ha-SP-2	48.54	9.01
9802	Monsanto	Kus3-1	48.51	9.11
9803	Monsanto	Muh-2	48.42	8.76
9804	Monsanto	Obe1-15	48.45	8.87
9805	Monsanto	Pfn-10	48.54	9.09
9806	Monsanto	Ru-2	48.56	9.16
9807	Monsanto	Schl-7	48.6	9.22
9808	Monsanto	Tu-B2-3	48.52	9.08
9809	Monsanto	Tu-KB-6	48.52	9.05
9810	Monsanto	Tu-KS-7	48.53	9.07
9811	Monsanto	Tu-NK-12	48.52	9.05
9812	Monsanto	Tu-W1	48.52	9.03
9813	Monsanto	BI-4	48.4	8.77
9814	Monsanto	Fell1-10	48.42	8.79
9815	Monsanto	Ha-HBT3-11	48.54	9.02
9816	Monsanto	Tu-WH	48.55	9.06
9817	Monsanto	IP-Ace-0	39.84	-6.6
9819	Monsanto	IP-Amu-0	42.35	-3.03
9820	Monsanto	IP-Are-0	41	-4.71
9821	Monsanto	IP-Aru-0	41.81	2.49
9822	Monsanto	IP-Aul-0	40.52	-4.02
9823	Monsanto	IP-Bae-0	43.34	-5.84
9824	Monsanto	IP-Bes-5	42.91	-4.91
9825	Monsanto	IP-Boa-0	40.4	-3.88
9826	Monsanto	IP-Bor-0	42.49	-6.71
9827	Monsanto	IP-Bos-0	42.78	0.69
9828	Monsanto	IP-Bra-0	42.5	-6.15
9830	Monsanto	IP-Bus-0	36.97	-3.28
9831	Monsanto	IP-Cas-0	38.54	-3.39
9832	Monsanto	IP-Cat-0	40.54	-3.69
9833	Monsanto	IP-Cha-0	40.38	-4.21
9834	Monsanto	IP-Cho-0	40.51	-3.9
9835	Monsanto	IP-Cir-0	40.61	-6.57
9836	Monsanto	IP-Cod-0	41.25	-1.32
9837	Monsanto	IP-Con-0	37.94	-5.6
9838	Monsanto	IP-Cot-0	41.83	-5.38
9839	Monsanto	IP-Coy-0	40.44	-4.27
9840	Monsanto	IP-Dar-0	41.13	-1.43
9841	Monsanto	IP-Ees-0	40.59	-4.15
9843	Monsanto	IP-Elp-0	40.53	-3.92
9844	Monsanto	IP-Esn-2	42.27	0.19
9845	Monsanto	IP-Evs-0	40.48	-3.96
9846	Monsanto	IP-Ezc-2	42.31	-3.02
9847	Monsanto	IP-Fel-2	43.31	-5.7
9848	Monsanto	IP-Glo-1	40.11	-5.77
9849	Monsanto	IP-Gud-3	40.65	-4.11
9850	Monsanto	IP-Hec-0	42.86	-0.7
9851	Monsanto	IP-Hue-3	42.96	-6.1
9852	Monsanto	IP-Ini-0	40.46	-3.75
9853	Monsanto	IP-Lac-0	43.33	-5.91
9854	Monsanto	IP-Laf-1	43.36	-5.88
9855	Monsanto	IP-Lam-0	40.57	-3.89
9856	Monsanto	IP-Lch-0	40.51	-4
9857	Monsanto	IP-Leg-0	40.33	-3.8
9858	Monsanto	IP-Loz-0	40.98	-3.8
9859	Monsanto	IP-Lro-0	40.5	-3.88
9860	Monsanto	IP-Lum-0	42.24	-2.62
9861	Monsanto	IP-Mac-0	40.72	-3.21
9862	Monsanto	IP-Mad-0	40.45	-3.67
9864	Monsanto	IP-Mat-0	41.76	2.69
9866	Monsanto	IP-Mdd-0	41.89	-2.79
9867	Monsanto	IP-Mie-1	40.94	-3.22
9868	Monsanto	IP-Moe-0	41.78	2.37
9869	Monsanto	IP-Moj-0	36.76	-5.28
9870	Monsanto	IP-Moz-0	41.91	0.17
9871	Monsanto	IP-Nac-0	40.75	-3.99
9873	Monsanto	IP-Ndc-0	37.94	-5.45
9874	Monsanto	IP-Oja-0	42.34	-3
9875	Monsanto	IP-Ovi-1	43.38	-5.87
9876	Monsanto	IP-Pad-0	41.34	0.99
9877	Monsanto	IP-Pdl-0	43.02	-5.6
9878	Monsanto	IP-Pee-0	40.78	-3.62
9879	Monsanto	IP-Per-0	37.6	-1.12
9880	Monsanto	IP-Pib-1	42.72	-3.44
9881	Monsanto	IP-Pie-0	40.46	-5.32
9882	Monsanto	IP-Pil-0	40.46	-4.26
9883	Monsanto	IP-Piq-0	42.1	-2.56
9885	Monsanto	IP-Prd-0	41.14	-3.68
9886	Monsanto	IP-Pru-0	42.38	1.73
9887	Monsanto	IP-Pun-0	40.4	-4.77
9888	Monsanto	IP-Pva-1	40.93	-3.31
9890	Monsanto	IP-Rib-1	43.16	-5.07
9891	Monsanto	IP-Sal-0	41.93	2.92
9892	Monsanto	IP-Sam-0	42.68	-6.96
9894	Monsanto	IP-Sen-0	42.59	0.76
9895	Monsanto	IP-Sfb-6	41.78	2.57
9897	Monsanto	IP-Smt-1	40.95	-5.63
9898	Monsanto	IP-Som-0	41.14	-3.58
9899	Monsanto	IP-Tau-0	42.54	0.84
9900	Monsanto	IP-Tri-0	37.38	-6.01
9901	Monsanto	IP-Urd-1	42.27	-2.98
9902	Monsanto	IP-Usa-0	40.71	-3.24
9903	Monsanto	IP-Val-0	42.31	-3.1
9904	Monsanto	IP-Vas-0	40.95	-3.31
9905	Monsanto	IP-Ven-0	40.76	-4.01
9906	Monsanto	IP-Mah-6	40	4.25
9908	Monsanto	ESP-1-11	50.72	3.47
9909	Monsanto	GEN-8	50.59	3.3
9910	Monsanto	BRI-2	50.68	3.52
9911	Monsanto	ARGE-1-15	47.16	4.28
9912	Monsanto	CIRY-13	46.67	4.55
9914	Monsanto	IST-29	47.58	5.33
9915	Monsanto	Mar-4-16	47.45	3.94
9917	Monsanto	RAD-21	46.69	4.34
9918	Monsanto	SAUL-24	47.43	5.21
9920	Monsanto	DIR-9	48.54	4.32
9921	Monsanto	FOR-23	48.57	4.41
9924	Monsanto	PLY-20	48.59	4.24
9925	Monsanto	RUM-20	48.91	4.52
9926	Monsanto	TRE-1	48.86	4.1
9927	Monsanto	ARR-17	44.05	3.69
9928	Monsanto	BEZ-9	44.12	3.77
9929	Monsanto	ISS-20	43.92	3.71
9930	Monsanto	LEC-25	43.91	4.14
9932	Monsanto	NOZ-6	44.12	4.33
9933	Monsanto	VED-10	43.74	3.89
9935	Monsanto	BAU-15	50.6	2.93
9937	Monsanto	CATS-6	50.79	2.69
9938	Monsanto	WAV-8	50.65	2.99
9939	MPI	ICE49 / Aitba-2	31.48	-7.45
9941	MPI	Fei-0	40.92	-8.54
9942	MPI	Agu-1	41.32	-1.34
9943	MPI	Cdm-0	39.73	-5.74
9944	MPI	Don-0	36.83	-6.36
9945	MPI	Leo-1	41.8	-3.11
9946	MPI	Mer-6	38.92	-6.34
9947	MPI	Ped-0	40.74	-3.9
9948	MPI	Pra-6	41.05	-3.54
9949	MPI	Qui-0	42.69	-6.93
9950	MPI	Vie-0	42.63	0.76
9951	MPI	ICE127 / Kly-1	51.3333	82.5667
9952	MPI	ICE130 / Kly-4	51.32	82.55
9953	MPI	ICE134 / Koz-2	51.33	82.19
9955	MPI	ICE60 / Stepn-2	54.09	60.46
9956	MPI	ICE61 / Stepn-1	54.06	60.48
9957	MPI	ICE70 / Borsk-2	53.04	51.75
9958	MPI	ICE71 / Shigu-1	53.33	49.48
9959	MPI	ICE72 / Shigu-2	53.33	49.48
9960	MPI	ICE73 / Kidr-1	51.31	57.56
9962	MPI	ICE102 / Galdo-1	40.57	15.32
9963	MPI	ICE104 / Lago-1	39.18	16.26
9964	MPI	ICE106 / Mammo-1	38.36	16.23
9965	MPI	ICE107 / Mammo-2	38.38	16.22
9966	MPI	ICE111 / Monte-1	40.28	15.65
9968	MPI	ICE119 / Timpo-1	39.27	16.27
9969	MPI	ICE120 / Valsi-1	40.18	16.45
9970	MPI	ICE163 / Altenb-2	46.3716	11.2376
9971	MPI	ICE169 / Bozen-1.1", Guntschnaberg	46.513
9972	MPI	ICE173 / Bozen-1.2", Guntschnaberg	46.513
9973	MPI	ICE181 / Mitterberg-1-181	46.366	11.2832
9974	MPI	ICE212 / Castelfed-4.1	46.3378	11.2928
9975	MPI	ICE213 / Castelfed-4-213	46.3378	11.2928
9976	MPI	ICE216 / Rovero-1	46.2543	11.167
9978	MPI	ICE228 / Vezzano-2.2	46.6297	10.817
9979	MPI	ICE79 / Voeran-1	46.36	11.23
9980	MPI	ICE91 / Angel-1	38.62	16.17
9981	MPI	ICE92 / Angit-1	38.76	16.24
9982	MPI	ICE93 / Apost-1	39.01	16.47
9983	MPI	ICE97 / Ciste-1	41.62	12.87
9984	MPI	ICE98 / Ciste-2	41.62	12.87
9985	MPI	ICE29 / Slavi-1	41.43	23.65
9986	MPI	ICE33 / Jablo-1	41.59	25.2
9987	MPI	ICE7 / Lecho-1	41.43	23.5
9988	MPI	Bak-2	41.7942	43.4767
9990	MPI	Lag2.2 / Lag2-2	41.8296	46.2831
9991	MPI	Vash-1	41.2381	46.3728
9993	MPI	Nemrut-1	38.6425	42.2394
9995	MPI	HKT2.4	48.14	9.4
9996	MPI	Nie1-2	48.52	8.8
9997	MPI	Rue3-1-31	48.56	9.16
9998	MPI	Star-8	48.43	8.82
9999	MPI	TueSB30-3	48.53	9.06
10001	MPI	TueV13 / TueV-13	48.52	9.05
10002	MPI	TueWa1-2	48.53	9.04
10004	MPI	ICE1 / Bolin-1	44.46	25.74
10005	MPI	ICE63 / Copac-1	46.11	21.95
10006	MPI	Kastel-1	44.6419	34.3814
10008	MPI	ICE150 / Sij-1	41.45	70.05
10009	MPI	ICE152 / Sij-2	41.45	70.05
10010	MPI	ICE153 / Sij-4	41.45	70.05
10011	MPI	Yeg-1	39.8692	45.3622
10012	MPI	Istisu-1	38.9786	48.5594
10013	MPI	Lerik1-3	38.7406	48.6131
10014	MPI	Xan-1	38.6536	48.7992
10015	MPI	Sha / Ara-1	37.29	71.3
10017	MPI	ICE21 / Petro-1	44.34	21.46
10018	MPI	ICE36 / Dobra-1	44.84	20.16
10020	MPI	Jl-2	49.17	16.5
10022	MPI	Uk-3	48.0333	7.7667
10023	MPI	Strand-1	68.8	15.45
10027	MPI	Uk-6	48.02838	7.765567
14312	GMI	Kos-1	62.02	34.12
14313	GMI	Kos-2	62.02	34.12
14314	GMI	Radk-1	61.59	35.11
14315	GMI	Radk-2	61.59	35.11
14318	GMI	Shu-1	61.94	34.24
14319	GMI	Shu-2	61.94	34.24
15560	GMI	Valm	61.37	61.37
15591	GMI	OOE1-1	48.3315333	14.72665
15592	GMI	OOE3-1	48.3314667	14.7158667
15593	GMI	OOE3-2	48.3314667	14.7158667
18694	GMI	Pien	60.4	32.09
18696	GMI	Samm	61.57	30.63
19949	GMI	OOE2-1	48.3268333	14.7181667
19950	GMI	OOE2-2	48.3268333	14.7181667
19951	GMI	OOE23	48.3268333	14.7181667
